"first_name","last_name","gender","city","email"
"Dean","MacIlraith","Male","Reni","dmacilraith0@google.com.hk"
"Dora","Mangham","Female","Colorado Springs","dmangham1@mysql.com"
"Maitilde","Guierre","Female","Qizili","mguierre2@issuu.com"
"Hillary","Crossdale","Male","Xiawa","hcrossdale3@archive.org"
"Byran","Bagenal","Male","","bbagenal4@whitehouse.gov"
"Matty","Ollenbuttel","Male","San Emilio","mollenbuttel5@github.com"
"Winny","Blais","Female","Borovoy","wblais6@techcrunch.com"
"Trace","De Filippis","Male","Logung","tdefilippis7@plala.or.jp"
"Michel","Pien","Male","Palopo","mpien8@paypal.com"
"Anne-corinne","Belchem","Female","Arras","abelchem9@domainmarket.com"
"Douglass","Treadgear","Male","Barbalha","dtreadgeara@nsw.gov.au"
"Stavros","Michie","Male","Jackson","smichieb@tmall.com"
"Allistir","Eastam","Male","Tidili Mesfioua","aeastamc@domainmarket.com"
"Michaeline","Stormonth","","Beni","mstormonthd@behance.net"
"Georgi","Winspeare","Male","Berlin","gwinspearee@photobucket.com"
"Porter","Tomaskunas","Male","Kirovsk","ptomaskunasf@reference.com"
"Zorina","Broadhead","Female","Mūḩ Ḩasan","zbroadheadg@bluehost.com"
"Ozzie","Pinsent","Male","Tembayangan Barat","opinsenth@hud.gov"
"Fara","Volker","Female","Kovači","fvolkeri@stumbleupon.com"
"Nevsa","Gronauer","Female","Yartsevo","ngronauerj@symantec.com"
"Vivie","Scroggins","Female","Baisha","vscrogginsk@baidu.com"
"Free","Beadman","","Edéa","fbeadmanl@stanford.edu"
"Gabrielle","Mattheus","Female","Susunan","gmattheusm@seesaa.net"
"Foster","McGinnis","Male","Amherstburg","fmcginnisn@dedecms.com"
"Rosemonde","Cardillo","Female","Palma De Mallorca","rcardilloo@artisteer.com"
"Conway","Roofe","Male","Cartagena","croofep@mapquest.com"
"Bartolomeo","Capini","Male","Batuna Satu","bcapiniq@disqus.com"
"Angie","Langley","Male","San Antonio","alangleyr@blogtalkradio.com"
"Maddy","Gianilli","Female","Tanggu","mgianillis@seesaa.net"
"Slade","Corkhill","Male","Peristerá","scorkhillt@tumblr.com"
"Alexei","Lago","","","alagou@macromedia.com"
"Emmye","MacPadene","","Bintulu","emacpadenev@army.mil"
"Bess","Wragge","Female","Timashëvsk","bwraggew@alexa.com"
"Elijah","Egan","","","eeganx@examiner.com"
"Augustus","Tenaunt","Male","Benito Juarez","atenaunty@wikia.com"
"Garrot","Counter","Male","","gcounterz@dell.com"
"Galvan","Foxten","Male","Sovetskaya","gfoxten10@mapy.cz"
"Emmanuel","Comoletti","Male","","ecomoletti11@google.ru"
"Arabele","Fronczak","Female","Calzada Larga","afronczak12@goodreads.com"
"Beltran","Mackison","Male","Reims","bmackison13@columbia.edu"
"Alyse","Rohlfs","Female","San Juan","arohlfs14@sina.com.cn"
"Izzy","Peasgood","Male","Tupaciguara","ipeasgood15@1688.com"
"Gertie","Letts","Female","Centralniy","gletts16@yandex.ru"
"Ephrayim","Biscomb","Male","","ebiscomb17@google.de"
"Antonietta","Huggon","","Jiwuwu","ahuggon18@columbia.edu"
"Marti","Flarity","Female","Chum Phae","mflarity19@apache.org"
"Zeke","Alvar","Male","Castellon De La Plana/Castello De La Pla","zalvar1a@hc360.com"
"Dorena","Meadowcroft","Female","Kansas City","dmeadowcroft1b@is.gd"
"Donelle","Acuna","Female","Changning","dacuna1c@yandex.ru"
"Nissie","Tasseler","Female","Virje","ntasseler1d@gravatar.com"
"Gnni","Lethbury","Female","Māsāl","glethbury1e@gov.uk"
"Gawain","Pontefract","Male","Pasanggrahan","gpontefract1f@123-reg.co.uk"
"Archaimbaud","Roelofs","","Ariquemes","aroelofs1g@harvard.edu"
"Franni","Chattell","Female","Zafarwāl","fchattell1h@angelfire.com"
"Franciska","Stovine","Female","Nghi Xuân","fstovine1i@flickr.com"
"Sim","Bereford","Male","Puerto Guzmán","sbereford1j@cpanel.net"
"Frieda","Caret","Female","Logroño","fcaret1k@lycos.com"
"Bink","Owbridge","","Helsingborg","bowbridge1l@china.com.cn"
"Kirstyn","Bloxsom","","Bahía de Caráquez","kbloxsom1m@list-manage.com"
"Sumner","Lorente","Male","","slorente1n@yellowpages.com"
"Christy","Creech","Female","Ymittos","ccreech1o@icq.com"
"Mathilde","Lehrahan","Female","Datang","mlehrahan1p@mozilla.org"
"Thomasin","Hadwen","Female","Rakičan","thadwen1q@amazon.de"
"Kennan","Guppey","Male","Bendan","kguppey1r@stumbleupon.com"
"Moshe","Goodin","Male","Vyazniki","mgoodin1s@rakuten.co.jp"
"Audie","McQuaid","","Shunde","amcquaid1t@g.co"
"Tomi","Broggelli","Female","At-Bashi","tbroggelli1u@statcounter.com"
"Bernardina","Pennone","Female","Gościeradów","bpennone1v@is.gd"
"Lorne","Ottley","Female","","lottley1w@ted.com"
"Ivan","Vakhrushev","","Nizhniy Lomov","ivakhrushev1x@deliciousdays.com"
"Claybourne","Thorne","Male","Vidzy","cthorne1y@dailymotion.com"
"Beverlee","Malley","Female","Kalmunai","bmalley1z@unc.edu"
"Joshuah","Offield","Male","Tall Tamr","joffield20@timesonline.co.uk"
"Sunny","Haining","Male","Jiaozhou","shaining21@cpanel.net"
"Tanner","Rubenov","Male","Bogale","trubenov22@shutterfly.com"
"Stacia","Versey","Female","Leiria","sversey23@infoseek.co.jp"
"Benedicto","Benedettini","","Encruzilhada do Sul","bbenedettini24@opera.com"
"Doralynne","Elwell","","Oebaki","delwell25@about.com"
"Michale","Darlington","Male","Murakami","mdarlington26@youtu.be"
"Nicole","Scrimshire","Female","Biljača","nscrimshire27@mapquest.com"
"Ania","Castiblanco","Female","Konstantynów Łódzki","acastiblanco28@yolasite.com"
"Estell","Woodburne","Female","","ewoodburne29@fotki.com"
"Ivy","Mugford","Female","Wete","imugford2a@spiegel.de"
"Marijn","Bleything","Male","Ore","mbleything2b@google.ca"
"Pincus","Novotni","Male","Đà Bắc","pnovotni2c@intel.com"
"Emmy","Dorie","Female","Monticello","edorie2d@cornell.edu"
"Jule","Brissard","Male","Wirral","jbrissard2e@samsung.com"
"Reynard","Joao","Male","Mpanda","rjoao2f@sakura.ne.jp"
"Carney","Simms","Male","","csimms2g@live.com"
"Zacharias","Farre","Male","Guxi","zfarre2h@google.ru"
"Staffard","Elsmore","Male","Ayaviri","selsmore2i@wikispaces.com"
"Sheila","Langmead","Female","Blagoveshchensk","slangmead2j@sina.com.cn"
"Jackqueline","Naismith","Female","Fairview","jnaismith2k@ebay.co.uk"
"Lise","Durtnell","","","ldurtnell2l@sphinn.com"
"Colette","Riley","Female","Monte Alto","criley2m@huffingtonpost.com"
"Bartholomeus","Bedome","","Tenkodogo","bbedome2n@ucoz.ru"
"Hillier","Ert","Male","Haparanda","hert2o@wired.com"
"Janessa","Marion","Female","Jianfeng","jmarion2p@spotify.com"
"Marwin","Barizeret","Male","Kundung","mbarizeret2q@uiuc.edu"
"Masha","Aggiss","Female","Budapest","maggiss2r@businesswire.com"
"Marget","Raecroft","Female","Acacías","mraecroft2s@freewebs.com"
"Annelise","Whaymand","Female","Jinqu","awhaymand2t@ameblo.jp"
"Aretha","Sussems","","Souziqiu","asussems2u@sohu.com"
"Karlik","Bilbrooke","Male","Severomorsk","kbilbrooke2v@bluehost.com"
"Kilian","Carsey","","Maluanluan","kcarsey2w@geocities.com"
"Ailene","Fillis","Female","Shaoyang","afillis2x@moonfruit.com"
"Anny","Mohamed","Female","Tuanjie","amohamed2y@accuweather.com"
"Lorenza","Jado","","Strážnice","ljado2z@skype.com"
"Gilberte","Horlick","Female","Citeureup","ghorlick30@google.fr"
"Dolph","MacGillavery","Male","Shani","dmacgillavery31@tiny.cc"
"Arvy","Vaughten","Male","Kamphaeng Phet","avaughten32@craigslist.org"
"Bradley","Tomaino","Male","Las Palmas","btomaino33@psu.edu"
"Sande","Minthorpe","","Keta","sminthorpe34@dell.com"
"Roberto","Columbine","","Las Parejas","rcolumbine35@wunderground.com"
"Griswold","Quick","Male","Radviliskis","gquick36@ustream.tv"
"Tan","Maryman","Male","Duzhou","tmaryman37@sphinn.com"
"Delly","Low","Female","Jiangwakou","dlow38@t.co"
"Augy","Shaplin","Male","Urung","ashaplin39@earthlink.net"
"Rene","Sellek","Female","Ichinomiya","rsellek3a@engadget.com"
"Bondie","Castell","Male","Binangun","bcastell3b@oakley.com"
"Fianna","Kinney","Female","Matriz de Camaragibe","fkinney3c@mozilla.com"
"Lilas","Kisbee","Female","Moyuan","lkisbee3d@sakura.ne.jp"
"Lockwood","MacDermott","Male","Hushi","lmacdermott3e@time.com"
"Eda","Le Marquis","Female","Lérida","elemarquis3f@taobao.com"
"Annemarie","Goodlip","","Havana","agoodlip3g@moonfruit.com"
"Aviva","McKelvey","Female","Lubukgadang","amckelvey3h@cmu.edu"
"Marve","Buist","Male","Agía Varvára","mbuist3i@icio.us"
"Danielle","Draco","Female","Situbondo","ddraco3j@epa.gov"
"Leigha","MacCaffrey","Female","","lmaccaffrey3k@vkontakte.ru"
"Coraline","Ditty","Female","Tyazhinskiy","cditty3l@fda.gov"
"Giordano","Roglieri","Male","Xingxi","groglieri3m@addthis.com"
"Hall","Maddison","Male","","hmaddison3n@harvard.edu"
"Vera","Reinert","Female","Aleksandrów","vreinert3o@techcrunch.com"
"Staffard","Paskerful","","Phumĭ Véal Srê","spaskerful3p@ebay.co.uk"
"Rosie","Pointon","Female","Mégara","rpointon3q@istockphoto.com"
"Giffie","Ingham","Male","Funabashi","gingham3r@sciencedaily.com"
"Sydney","Cheese","","Warmbaths","scheese3s@msn.com"
"Claire","Hammerich","Male","Tegalgede Kulon","chammerich3t@prlog.org"
"Linette","Weild","Female","Ersekë","lweild3u@cornell.edu"
"Annamarie","Woolstenholmes","Female","Lhakangtang","awoolstenholmes3v@arstechnica.com"
"Cullen","Cassey","Male","Uzlovaya","ccassey3w@mapquest.com"
"Pepita","Brookfield","","Beizi","pbrookfield3x@taobao.com"
"Helge","Secrett","Female","Yushu","hsecrett3y@constantcontact.com"
"Kareem","Longthorne","","Uspenka","klongthorne3z@diigo.com"
"Welby","Crowcroft","Male","Randusari","wcrowcroft40@g.co"
"Rorie","Bane","Female","Longtou","rbane41@reddit.com"
"Moira","Mayhead","Female","Gubu","mmayhead42@mit.edu"
"Kaine","Bridgstock","Male","Chastyye","kbridgstock43@symantec.com"
"Rosemarie","Maso","Female","Anuling","rmaso44@ovh.net"
"Briano","Pavolini","","Lameira","bpavolini45@stumbleupon.com"
"Ethelda","Scottesmoor","Female","Kampong Cham","escottesmoor46@whitehouse.gov"
"Addia","Skurm","Female","Yege","askurm47@time.com"
"Yul","Shilito","Male","Norrtälje","yshilito48@newsvine.com"
"Nerty","Canceller","","Oras","ncanceller49@cnn.com"
"Keeley","Dyton","Female","Várzea","kdyton4a@parallels.com"
"Marcia","Eagle","","Outlook","meagle4b@disqus.com"
"Siusan","Lanktree","Female","Gisiliba","slanktree4c@wunderground.com"
"Rebe","Messingham","Female","Dolo","rmessingham4d@github.io"
"Anselma","MacCawley","Female","Tucson","amaccawley4e@ox.ac.uk"
"Renault","Heathorn","Male","Sparks","rheathorn4f@booking.com"
"Lilly","Larner","Female","Nankun","llarner4g@netvibes.com"
"Blondell","Chrisp","","Yingpu","bchrisp4h@cmu.edu"
"Karlan","Scone","Male","Jiaoziya","kscone4i@yellowpages.com"
"Aurel","Thackston","Female","Tisno","athackston4j@nationalgeographic.com"
"Adiana","Belfield","Female","","abelfield4k@nbcnews.com"
"Zachery","Brodie","","Tikhvin","zbrodie4l@nba.com"
"Cullie","Unstead","Male","Liangjing","cunstead4m@seattletimes.com"
"Beth","Godridge","","","bgodridge4n@pcworld.com"
"Flinn","Alibone","Male","Popovo","falibone4o@bbc.co.uk"
"Elena","Foard","Female","","efoard4p@naver.com"
"Nancee","Girth","","Lab","ngirth4q@hhs.gov"
"Erik","Burdas","Male","Medicine Hat","eburdas4r@1688.com"
"Tiffanie","Bantock","Female","","tbantock4s@amazon.co.uk"
"Claudio","Capineer","","Palmeira","ccapineer4t@si.edu"
"Eudora","Le Noury","Female","Moholm","elenoury4u@reuters.com"
"Jonathon","Dobrowski","Male","Ārt Khwājah","jdobrowski4v@geocities.com"
"Forrester","Heigold","Male","Cibinong","fheigold4w@alibaba.com"
"Milly","Polon","Female","Beiwenquan","mpolon4x@cornell.edu"
"Davis","Rottcher","Male","Haeju","drottcher4y@wisc.edu"
"Elmore","Kenyam","Male","Ramain","ekenyam4z@java.com"
"Hector","Greenlees","Male","Ourentã","hgreenlees50@illinois.edu"
"Danny","Rowan","Male","Ushirombo","drowan51@usa.gov"
"Erskine","Clows","Male","Épinal","eclows52@go.com"
"Alastair","Gulvin","Male","Bayside","agulvin53@histats.com"
"Deerdre","Pemberton","","Yamethin","dpemberton54@admin.ch"
"Katey","Rosell","Female","Watulabara","krosell55@yellowbook.com"
"Hillard","Fritchley","Male","","hfritchley56@ow.ly"
"Mikaela","Foden","Female","Lyon","mfoden57@foxnews.com"
"Joelly","Semorad","","Azul","jsemorad58@state.tx.us"
"Brnaby","Loughead","Male","Bobo-Dioulasso","bloughead59@ox.ac.uk"
"Rosemarie","Brothwood","Female","Lipu","rbrothwood5a@state.gov"
"Sharlene","Nangle","Female","","snangle5b@webs.com"
"Rubie","Le Friec","","Huangzhuang","rlefriec5c@blogs.com"
"Melitta","Wark","Female","Pompano Beach","mwark5d@wikimedia.org"
"Tommie","Marriner","","","tmarriner5e@dmoz.org"
"Ber","Caplen","Male","Mondim de Basto","bcaplen5f@qq.com"
"Ross","Bootman","Male","Velenje","rbootman5g@ovh.net"
"Elvyn","Exell","Male","Longjumeau","eexell5h@cnn.com"
"Hayward","Wickmann","Male","Sokolnice","hwickmann5i@wikispaces.com"
"Bradan","Scandrick","Male","Urasqui","bscandrick5j@bravesites.com"
"Trace","Depka","Male","Huangbao","tdepka5k@deliciousdays.com"
"Rouvin","Tallboy","","Pariaman","rtallboy5l@fema.gov"
"Culley","Tackell","Male","Rufino","ctackell5m@java.com"
"Ritchie","Golly","Male","Guapi","rgolly5n@abc.net.au"
"Honoria","Ramage","Female","Salinópolis","hramage5o@deviantart.com"
"Arv","Fairlam","Male","Karpushikha","afairlam5p@xrea.com"
"Loralie","Duham","Female","San Pablo","lduham5q@craigslist.org"
"Flint","Classen","Male","Baiyashi","fclassen5r@omniture.com"
"Aliza","Eliet","Female","Paatan","aeliet5s@surveymonkey.com"
"Victoria","Ciraldo","Female","Salitrillos","vciraldo5t@e-recht24.de"
"Shaylyn","Toynbee","Female","Vilhelmina","stoynbee5u@howstuffworks.com"
"Stephie","Trazzi","Female","Visaginas","strazzi5v@woothemes.com"
"Dallas","Rowen","","Lyon","drowen5w@vk.com"
"Joela","Rustidge","Female","Winburg","jrustidge5x@vk.com"
"Opaline","Blogg","Female","Capulaan","oblogg5y@slashdot.org"
"Dorey","MacAughtrie","Female","Ystad","dmacaughtrie5z@free.fr"
"Adam","Kesterton","Male","Yaozhanzi","akesterton60@aboutads.info"
"Mata","Copnell","Male","","mcopnell61@stanford.edu"
"Alwyn","Wastling","Male","Varberg","awastling62@auda.org.au"
"Early","Seedhouse","Male","Nago","eseedhouse63@utexas.edu"
"Anastasie","Culbert","Female","Zhonghualu","aculbert64@oakley.com"
"Andy","Mabley","Female","Chunjiang","amabley65@miitbeian.gov.cn"
"Kevon","Glozman","Male","Tangzha","kglozman66@nifty.com"
"Keelia","Huggins","Female","Gonayiv","khuggins67@bravesites.com"
"Herc","Karpushkin","Male","Banjar Dharmasemedi","hkarpushkin68@irs.gov"
"Jed","Scriven","Male","Shlissel’burg","jscriven69@washington.edu"
"Leda","Joselovitch","Female","Banjar Triwangsakeliki","ljoselovitch6a@ca.gov"
"Patsy","Farney","Female","Al Majāridah","pfarney6b@sphinn.com"
"Myranda","Adshede","Female","Todorovo","madshede6c@kickstarter.com"
"Bernardo","Seaborne","Male","Baltimore","bseaborne6d@weather.com"
"Dagny","Polle","","Santa Rosa","dpolle6e@youku.com"
"Even","Silbersak","Male","Birao","esilbersak6f@mapy.cz"
"Viviyan","Izzard","Female","Jiangnan","vizzard6g@marketwatch.com"
"Eli","Cadlock","Male","Upton","ecadlock6h@patch.com"
"Dorette","Arrow","Female","Longping","darrow6i@ovh.net"
"Noah","Le Noir","Male","Rezh","nlenoir6j@about.com"
"Jacki","McKeggie","Female","Terpinnya","jmckeggie6k@google.de"
"Udell","Pettisall","Male","Tuchlovice","upettisall6l@adobe.com"
"Marylinda","McGuinness","Female","Serawai","mmcguinness6m@weibo.com"
"Izak","Tempest","Male","Nagu","itempest6n@eventbrite.com"
"Herbie","Salkeld","Male","","hsalkeld6o@amazon.com"
"Thomasine","Scobbie","Female","Alès","tscobbie6p@behance.net"
"Orin","Alcide","Male","Cabiao","oalcide6q@senate.gov"
"Rubia","Plait","Female","Bulawin","rplait6r@imdb.com"
"Kendrick","Swindell","Male","Guocun","kswindell6s@ox.ac.uk"
"Chery","Mallock","Female","Azteca","cmallock6t@businesswire.com"
"Jilleen","Clawe","Female","Odawara","jclawe6u@marketwatch.com"
"Lonnie","Shipp","Female","Bulusari","lshipp6v@pcworld.com"
"Wendel","Stuttard","Male","Savran’","wstuttard6w@instagram.com"
"Cassy","Sharpe","Female","Huizhai","csharpe6x@myspace.com"
"Kaitlynn","Fynes","","Qingdao","kfynes6y@nsw.gov.au"
"Ddene","Crush","Female","Al Funayţīs","dcrush6z@bloglovin.com"
"Foster","Kemster","Male","Ad Dilam","fkemster70@liveinternet.ru"
"Nanci","Liversedge","Female","San Antonio","nliversedge71@princeton.edu"
"Kaleena","Fettes","Female","Gasan","kfettes72@baidu.com"
"Viola","Hirsch","Female","Xuedian","vhirsch73@sohu.com"
"Lawton","Siegertsz","Male","Alvaro Obregon","lsiegertsz74@usda.gov"
"Kikelia","Lasslett","Female","Jeleuk","klasslett75@tmall.com"
"Venita","Haizelden","Female","Jastrzębia","vhaizelden76@skype.com"
"Trista","Mammatt","Female","","tmammatt77@archive.org"
"Odell","Pickston","Male","Dos Quebradas","opickston78@ihg.com"
"Janeva","Piris","Female","Horní Jiřetín","jpiris79@home.pl"
"Abdul","Whyatt","","Obo","awhyatt7a@example.com"
"Ferdie","Martinho","Male","Serpukhov","fmartinho7b@ucla.edu"
"Reinhold","Morehall","","Zorak","rmorehall7c@slashdot.org"
"Bunni","Broomer","Female","Huangjinbu","bbroomer7d@cornell.edu"
"Ally","Gilchrest","","Bicurga","agilchrest7e@howstuffworks.com"
"Malissa","Kemwall","Female","Tuplice","mkemwall7f@studiopress.com"
"Hymie","Samwell","Male","Bagadó","hsamwell7g@ask.com"
"Sharon","Rosebotham","","Mahaba","srosebotham7h@china.com.cn"
"De witt","Mannie","","Xiaoya","dmannie7i@wsj.com"
"Jeanine","Macey","Female","Bassar","jmacey7j@multiply.com"
"Carlye","Jellico","Female","Galatás","cjellico7k@gravatar.com"
"Coraline","Benadette","Female","Rybie","cbenadette7l@epa.gov"
"Dacie","Crips","Female","","dcrips7m@weather.com"
"Ignatius","Salamon","","Kyzyldzhar","isalamon7n@google.es"
"Claudine","Buscombe","Female","El Calafate","cbuscombe7o@google.com.hk"
"Douglas","Scully","Male","Berezivka","dscully7p@google.fr"
"Chancey","Biggerdike","Male","Miřetice","cbiggerdike7q@weibo.com"
"Pearla","Rubery","Female","Placer","prubery7r@dmoz.org"
"Thomas","Simonitto","Male","Duma","tsimonitto7s@moonfruit.com"
"Gusti","Critch","Female","San Jorge","gcritch7t@google.it"
"Pall","Wick","Male","Delft","pwick7u@ameblo.jp"
"Egbert","Laurenty","Male","Qiaoyi","elaurenty7v@hubpages.com"
"Dena","Voice","Female","Shahrak","dvoice7w@businesswire.com"
"Giralda","Henkmann","Female","Chifeng","ghenkmann7x@harvard.edu"
"Myrtle","Blinder","Female","Aparecida","mblinder7y@mysql.com"
"Kelci","Berrycloth","","","kberrycloth7z@geocities.jp"
"Gerladina","Silbert","Female","Banda Layung","gsilbert80@squidoo.com"
"Pammy","Lenoir","Female","Klerksdorp","plenoir81@github.com"
"Camey","Aviss","Male","Blimbing","caviss82@a8.net"
"Blondy","Cabera","Female","Ancona","bcabera83@yolasite.com"
"Quent","Whistlecroft","Male","Lazaro Cardenas","qwhistlecroft84@shinystat.com"
"Julius","Throssell","Male","Irving","jthrossell85@salon.com"
"Angelico","Gover","Male","Guifões","agover86@webmd.com"
"Galvin","Boost","Male","Thị Trấn Nghèn","gboost87@bloglines.com"
"Arline","Millam","Female","Gujiang","amillam88@edublogs.org"
"Udall","Dufty","Male","Jönköping","udufty89@arstechnica.com"
"Darryl","Abels","Male","Hongjiang","dabels8a@stumbleupon.com"
"Olga","McLean","Female","Arroyo Seco","omclean8b@utexas.edu"
"Jerry","Parry","Male","Pran Buri","jparry8c@hugedomains.com"
"Calhoun","Blackston","","Awarawar","cblackston8d@spotify.com"
"Bobbi","Ffoulkes","Female","Terawas","bffoulkes8e@elpais.com"
"Garrott","Tranckle","Male","Bantar Tengah","gtranckle8f@odnoklassniki.ru"
"Nevile","Brouwer","Male","Āqchah","nbrouwer8g@posterous.com"
"Deloris","Joseph","","Amadora","djoseph8h@washington.edu"
"Darn","Quant","Male","Atap","dquant8i@paypal.com"
"Dorice","Diamond","Female","Kvänum","ddiamond8j@ft.com"
"Eduardo","Trownson","","Dapeng","etrownson8k@home.pl"
"Emera","Sambles","Female","Mthatha","esambles8l@cnn.com"
"Retha","Geraldini","Female","Daxi","rgeraldini8m@si.edu"
"Doreen","Quenell","Female","Bakungan","dquenell8n@mashable.com"
"Dalli","Pawlowicz","Male","Beauvais","dpawlowicz8o@oaic.gov.au"
"Alvera","Valerio","","Xingyuan","avalerio8p@themeforest.net"
"Liv","Huson","Female","Karangharjo","lhuson8q@omniture.com"
"Austin","Schooling","Female","Cesson-Sévigné","aschooling8r@cam.ac.uk"
"Hyacinthie","Vials","Female","Sơn Tây","hvials8s@omniture.com"
"Eileen","Barwack","Female","Maldonado","ebarwack8t@adobe.com"
"Reinaldos","Akhurst","Male","Shanting","rakhurst8u@mac.com"
"Gallagher","Blything","Male","Rammūn","gblything8v@vimeo.com"
"Bethany","Turfitt","Female","Yumendong","bturfitt8w@ebay.com"
"Devin","Batty","Female","Rathwire","dbatty8x@redcross.org"
"Noami","Butt","Female","Sihai","nbutt8y@reference.com"
"Kimmie","Attaway","Female","Guangping","kattaway8z@1und1.de"
"Claudina","Crock","","","ccrock90@independent.co.uk"
"Silvanus","Cantero","","Afogados da Ingazeira","scantero91@princeton.edu"
"Rozalin","Sommerly","Female","Hualingang","rsommerly92@biblegateway.com"
"Magdalen","Bonallick","Female","Jeding","mbonallick93@lulu.com"
"Shay","Booij","","Pilar","sbooij94@addthis.com"
"Fallon","Mercik","Female","Hrtkovci","fmercik95@nih.gov"
"Germaine","Kildahl","Male","","gkildahl96@istockphoto.com"
"Blancha","Trippick","Female","Abaca","btrippick97@timesonline.co.uk"
"Kala","Iffland","","Norrköping","kiffland98@epa.gov"
"Alberta","Richin","Female","Renhe","arichin99@last.fm"
"Barbabra","Phil","Female","Banjarsari","bphil9a@stanford.edu"
"Harland","Milbourne","Male","Pisan","hmilbourne9b@so-net.ne.jp"
"Loretta","Labat","","Pola","llabat9c@digg.com"
"Donall","Bohan","","","dbohan9d@rambler.ru"
"Joelynn","Pankhurst.","Female","Maleevsk","jpankhurst9e@apache.org"
"Maggee","Zupone","Female","Yashiro","mzupone9f@topsy.com"
"Margarette","George","Female","San Rafael","mgeorge9g@sfgate.com"
"Cchaddie","Skilling","Male","Yŏnmu","cskilling9h@mayoclinic.com"
"Juditha","Doggerell","Female","Skien","jdoggerell9i@sphinn.com"
"Dacy","Richardin","Female","Stryszów","drichardin9j@census.gov"
"Randie","Dives","Male","","rdives9k@princeton.edu"
"Willy","Ivanchov","","Rozvadov","wivanchov9l@biglobe.ne.jp"
"Weber","Greenhouse","Male","Cisagu","wgreenhouse9m@imageshack.us"
"Bartholomeus","Terne","Male","Sanom","bterne9n@freewebs.com"
"Yehudi","Isaacson","Male","Enrekang","yisaacson9o@163.com"
"Charlotte","Scamadin","Female","San Juan","cscamadin9p@twitpic.com"
"Kim","Othick","Female","Lianghe","kothick9q@techcrunch.com"
"Cassius","Isakovic","Male","Tongyuanpu","cisakovic9r@vkontakte.ru"
"Franciskus","Naisbit","Male","Kasukabe","fnaisbit9s@plala.or.jp"
"Laurianne","Elgy","Female","Staromyshastovskaya","lelgy9t@unicef.org"
"Corissa","Alejandre","Female","Chrysoúpolis","calejandre9u@umich.edu"
"Rolf","Millyard","Male","Migues","rmillyard9v@ft.com"
"Emili","Hellard","Female","Mae Ramat","ehellard9w@cbsnews.com"
"Lane","Jirka","Male","Santo Tomas","ljirka9x@ovh.net"
"Vilma","Bavage","","Cinyawar","vbavage9y@auda.org.au"
"Pia","Sherrott","Female","San Agustín Acasaguastlán","psherrott9z@google.pl"
"Tabitha","Dawidowicz","Female","Tytuvėnėliai","tdawidowicza0@ask.com"
"Jenifer","Kynett","Female","Sirnasari","jkynetta1@a8.net"
"Ailbert","Buntine","Male","Paris 09","abuntinea2@redcross.org"
"Analise","Lathe","Female","Lahishyn","alathea3@google.cn"
"Mordy","Berzin","Male","Juan de Acosta","mberzina4@rediff.com"
"Gaye","Todeo","","Tsukawaki","gtodeoa5@ucla.edu"
"Cristie","Koubu","Female","Zeya","ckoubua6@ifeng.com"
"Candida","Sloegrave","Female","Dranoc","csloegravea7@scribd.com"
"Ashly","Blaisdell","Female","Viligili","ablaisdella8@blogger.com"
"Melamie","McAlees","","","mmcaleesa9@example.com"
"Iona","Eyckel","Female","New Glasgow","ieyckelaa@goo.ne.jp"
"Danni","Burnsyde","","Kuangshan","dburnsydeab@shutterfly.com"
"Thatcher","Woolsey","Male","North Shore","twoolseyac@tuttocitta.it"
"Rene","Jervoise","Male","Osięciny","rjervoisead@shinystat.com"
"Sylvia","Billington","Female","Marcabamba","sbillingtonae@example.com"
"Kellen","Teape","Male","Two Hills","kteapeaf@google.ru"
"Esta","Durrad","Female","","edurradag@cbsnews.com"
"Hyacinthia","Korous","Female","Bintawan","hkorousah@goo.gl"
"Marty","Demer","Female","Nor Gyugh","mdemerai@whitehouse.gov"
"Kylie","Castard","Female","Rivas","kcastardaj@constantcontact.com"
"Heidi","Suero","Female","Cipari","hsueroak@posterous.com"
"Emmet","Pocknoll","Male","Rosario de Lerma","epocknollal@slashdot.org"
"Jolyn","Hinners","Female","Huayuan","jhinnersam@delicious.com"
"Cortie","Sharkey","Male","Lingbei","csharkeyan@columbia.edu"
"Leese","Wethered","Female","Mount Ayliff","lwetheredao@virginia.edu"
"Hersh","McNirlan","Male","Runting","hmcnirlanap@xrea.com"
"Jacky","Valentetti","Female","","jvalentettiaq@japanpost.jp"
"Fallon","Putman","Female","Banjar Medura","fputmanar@tiny.cc"
"Bert","Derham","","Lyubeshiv","bderhamas@github.io"
"Peyton","Caple","Male","Ferapontovo","pcapleat@creativecommons.org"
"Merill","MacTeague","Male","","mmacteagueau@home.pl"
"Alessandro","Marmon","","Kinatakutan","amarmonav@weebly.com"
"Redd","Favelle","Male","Aguadas","rfavelleaw@mtv.com"
"Cassondra","Lankham","Female","","clankhamax@symantec.com"
"Bert","McCaughan","Female","Qiting","bmccaughanay@arstechnica.com"
"Fairfax","Odams","Male","Göteborg","fodamsaz@jigsy.com"
"Teodor","Broy","Male","Mogzon","tbroyb0@state.gov"
"Legra","Havock","Female","Baoshan","lhavockb1@51.la"
"Modesty","Egalton","Female","El Bolsón","megaltonb2@flavors.me"
"Enrique","Klempke","","Luleå","eklempkeb3@theatlantic.com"
"Odilia","Pizey","Female","","opizeyb4@netscape.com"
"Marley","Edgars","Female","","medgarsb5@icq.com"
"Ahmad","Radbourne","Male","Sydney","aradbourneb6@liveinternet.ru"
"Dennie","Juliff","Male","Lanlacuni Bajo","djuliffb7@indiegogo.com"
"Andree","Griffey","Female","Dashahe","agriffeyb8@blogs.com"
"Hattie","Trayling","Female","Dieppe","htraylingb9@google.es"
"Falkner","Karpov","Male","Xuling","fkarpovba@mozilla.com"
"Daniele","Januszkiewicz","Female","Guararé","djanuszkiewiczbb@nifty.com"
"Betsey","Bound","","Cartagena del Chairá","bboundbc@amazon.com"
"Bradly","Crownshaw","Male","Modot","bcrownshawbd@bluehost.com"
"Georas","Mingame","","Nzérékoré","gmingamebe@yahoo.com"
"Larry","Jaggli","","Drosáto","ljagglibf@gmpg.org"
"Cordelia","Pearl","Female","Vetlanda","cpearlbg@weebly.com"
"Gayla","Lghan","","Biyong","glghanbh@diigo.com"
"Devin","Strahan","Female","Tagawa","dstrahanbi@vinaora.com"
"Jemima","Tampin","Female","","jtampinbj@cdbaby.com"
"Lyell","Grevatt","Male","Centre de Flacq","lgrevattbk@de.vu"
"Casper","McConaghy","Male","Pasirdalem","cmcconaghybl@histats.com"
"Nonna","Ellerton","Female","Gereykhanovskoye","nellertonbm@nymag.com"
"Reggie","Ringwood","Female","","rringwoodbn@techcrunch.com"
"Fran","Teager","Male","","fteagerbo@usa.gov"
"Marcus","Greydon","Male","Ipubi","mgreydonbp@163.com"
"Sanderson","Wigg","","Ruše","swiggbq@bbb.org"
"Sauveur","Abbets","Male","","sabbetsbr@wikimedia.org"
"Rickie","Chalker","Male","Kalenderovci Donji","rchalkerbs@spiegel.de"
"Mirna","Maden","Female","Jargalant","mmadenbt@alibaba.com"
"Cherey","Hryniewicki","Female","Xue’an","chryniewickibu@blogtalkradio.com"
"Chevalier","Hachette","Male","Lillooet","chachettebv@house.gov"
"Min","LLelweln","","Da’an","mllelwelnbw@webmd.com"
"Piotr","Binion","Male","Messina","pbinionbx@themeforest.net"
"Mara","Wharf","Female","","mwharfby@ow.ly"
"Dory","Vell","Male","Dzaoudzi","dvellbz@whitehouse.gov"
"Devlen","Tomaszkiewicz","Male","Koysinceq","dtomaszkiewiczc0@imageshack.us"
"Germain","Harome","Female","Ede","gharomec1@weebly.com"
"Benny","Ramelot","Male","Chistopol’","bramelotc2@youku.com"
"Jourdan","Petri","Female","Jardín América","jpetric3@berkeley.edu"
"Jeniece","Sarton","Female","Shangcai Zhongxing","jsartonc4@last.fm"
"Persis","Besson","Female","Shahrud","pbessonc5@timesonline.co.uk"
"Tracy","Broseke","Male","Gizo","tbrosekec6@webnode.com"
"Kanya","Duddridge","Female","Terre Haute","kduddridgec7@angelfire.com"
"Darelle","Ahren","Female","Wurigelebur","dahrenc8@businesswire.com"
"Dolf","Blaise","Male","El Coco","dblaisec9@slashdot.org"
"Genvieve","Bidwell","Female","Quibdó","gbidwellca@google.es"
"Ingmar","Davydychev","","San Isidro","idavydychevcb@bing.com"
"Cornelle","Gauford","","Arjasari","cgaufordcc@cmu.edu"
"Michaela","Hazeley","","Nariño","mhazeleycd@ebay.com"
"Gerald","Chesshyre","Male","Quezalguaque","gchesshyrece@photobucket.com"
"Phillie","Hendricks","Female","Berlín","phendrickscf@ihg.com"
"Bennie","Tenaunt","","Houzhen","btenauntcg@networksolutions.com"
"Gay","Dowthwaite","Female","Bang Bua Thong","gdowthwaitech@jiathis.com"
"Tobe","Samuel","Male","Weepanapi","tsamuelci@constantcontact.com"
"Franklyn","Westgate","","Aconibe","fwestgatecj@ebay.co.uk"
"Calida","Phettiplace","Female","","cphettiplaceck@miibeian.gov.cn"
"Kaylil","Gigg","Female","","kgiggcl@scientificamerican.com"
"Alene","Leather","Female","Pajarillo","aleathercm@google.it"
"Nobie","McGahey","Male","Sulitair","nmcgaheycn@cyberchimps.com"
"Willette","Alkins","Female","Thung Song","walkinsco@geocities.com"
"Corey","Donlon","Male","Turba","cdonloncp@nih.gov"
"Maureen","Widmoor","Female","Tul’chyn","mwidmoorcq@cnbc.com"
"Waldon","Glanz","Male","Battung","wglanzcr@goo.ne.jp"
"Chaddie","Neill","Male","Valencia","cneillcs@bluehost.com"
"Toma","Dymidowicz","Female","","tdymidowiczct@tmall.com"
"Pall","Parrington","Male","Tarata","pparringtoncu@simplemachines.org"
"Sallie","Bukac","","Az Zarbah","sbukaccv@columbia.edu"
"Trev","Van Dalen","Male","Yudai","tvandalencw@cam.ac.uk"
"Caren","Jenicke","Female","Venlo","cjenickecx@blogs.com"
"Lew","Surgen","Male","Mehona","lsurgency@people.com.cn"
"Aryn","Slorance","Female","Atlanta","aslorancecz@ebay.co.uk"
"Fonsie","Grigorini","Male","Morales","fgrigorinid0@simplemachines.org"
"Deeyn","Nield","","Jelbuk","dnieldd1@gizmodo.com"
"Garrett","Beckley","Male","Chōfugaoka","gbeckleyd2@1688.com"
"Alexio","Sarra","Male","Kitakyūshū","asarrad3@dot.gov"
"Michal","Penk","","Tanggu","mpenkd4@thetimes.co.uk"
"Cullie","Reddel","Male","Mrągowo","creddeld5@etsy.com"
"Joseito","Jancy","Male","Kholbon","jjancyd6@pbs.org"
"Ricki","Wilds","Male","Komsomol’s’ke","rwildsd7@csmonitor.com"
"Bordy","Endrighi","Male","Maindang","bendrighid8@w3.org"
"Connie","MacKaile","Male","Zhangping","cmackailed9@huffingtonpost.com"
"Maury","Cowans","Male","Laoliangcang","mcowansda@desdev.cn"
"Normand","Puttergill","","Orlando","nputtergilldb@skype.com"
"Maximilian","Andrys","Male","Kuala Lumpur","mandrysdc@arizona.edu"
"Berenice","Lodwig","Female","Touguinha","blodwigdd@indiatimes.com"
"Torry","Janks","Male","San José de Jáchal","tjanksde@msn.com"
"Perry","McConville","Female","Chaiyaphum","pmcconvilledf@jigsy.com"
"Etti","Cheke","Female","Longbo","echekedg@biblegateway.com"
"Lyndsie","Grafom","Female","Fernando de Noronha (Distrito Estadual)","lgrafomdh@alexa.com"
"Rudiger","Meneyer","Male","San Juan Ermita","rmeneyerdi@cdc.gov"
"Yolanthe","McAughtrie","Female","Slavyanovo","ymcaughtriedj@ning.com"
"Lauree","Rosling","Female","","lroslingdk@google.pl"
"Barnie","Bath","","Yantian","bbathdl@csmonitor.com"
"Marilyn","Penley","Female","Nîmes","mpenleydm@sakura.ne.jp"
"Jemimah","Aldgate","","Mafraq","jaldgatedn@cnn.com"
"Milli","Kilday","Female","Huizhai","mkildaydo@vinaora.com"
"Vassili","Stygall","Male","San Pedro de Ycuamandiyú","vstygalldp@github.com"
"Stanfield","Scarth","Male","","sscarthdq@bloomberg.com"
"Sallee","Tubritt","","La Asunción","stubrittdr@businessinsider.com"
"Eachelle","Lounds","Female","Pringu","eloundsds@bbb.org"
"Goldi","Etuck","Female","Bang Rak","getuckdt@admin.ch"
"Keefer","MacPhail","Male","Yangping","kmacphaildu@bravesites.com"
"Marlie","Van Rembrandt","Female","Pakis","mvanrembrandtdv@virginia.edu"
"Vivia","Childs","","","vchildsdw@merriam-webster.com"
"Taite","Dorricott","Male","Begang","tdorricottdx@clickbank.net"
"Ludvig","McElrea","Male","","lmcelready@unicef.org"
"Birgit","Ianittello","Female","Kembangarum","bianittellodz@disqus.com"
"Alameda","Petcher","Female","Pantukan","apetchere0@multiply.com"
"Gerry","Garvin","Female","Machachi","ggarvine1@toplist.cz"
"Abeu","Bindon","Male","Nowe","abindone2@google.es"
"Barby","Golborn","Female","Tojeira","bgolborne3@fda.gov"
"Luella","Ollivier","Female","Mukhen","lolliviere4@bigcartel.com"
"Carey","Balchen","Male","Oslomej","cbalchene5@feedburner.com"
"Felike","Brient","Male","Atipuluhan","fbriente6@hp.com"
"Arabel","Caruth","Female","Santana do Paraíso","acaruthe7@arstechnica.com"
"Reynard","Olifaunt","Male","Djibo","rolifaunte8@twitter.com"
"Ramonda","Wrankmore","Female","","rwrankmoree9@tinypic.com"
"Camala","Swannack","Female","Gancheng","cswannackea@nature.com"
"Paddie","Vann","Male","Cervantes","pvanneb@phoca.cz"
"Ernesta","Dulake","Female","Alcácer do Sal","edulakeec@nymag.com"
"Arman","Linthead","Male","Legionowo","alintheaded@walmart.com"
"Marijn","Guillerman","","Jisegumen","mguillermanee@merriam-webster.com"
"Merrie","Widdicombe","Female","","mwiddicombeef@independent.co.uk"
"Libby","Shervil","Female","Sundsvall","lshervileg@google.ru"
"Caryn","Legerwood","Female","San Pablo","clegerwoodeh@goo.gl"
"Heywood","Harkess","Male","Metković","hharkessei@163.com"
"Sheelah","MacKimm","Female","Xishaping","smackimmej@nydailynews.com"
"Jamie","Delve","Male","Kailahun","jdelveek@google.ru"
"Cathlene","Garfit","Female","","cgarfitel@nsw.gov.au"
"Jamaal","Warmisham","Male","Quanyang","jwarmishamem@dyndns.org"
"Loutitia","Routledge","Female","Glinojeck","lroutledgeen@prnewswire.com"
"Dieter","Tender","Male","Kitale","dtendereo@time.com"
"Shirl","Deuss","Female","Saint David’s","sdeussep@usatoday.com"
"Chester","Tittershill","Male","Huamu","ctittershilleq@ed.gov"
"Ric","Danson","","San Marcos","rdansoner@prnewswire.com"
"Maggy","Swetenham","Female","Tuchów","mswetenhames@arstechnica.com"
"Ernie","Plowell","","Fusagasuga","eplowellet@deliciousdays.com"
"Dorita","Salvidge","Female","Białogard","dsalvidgeeu@hexun.com"
"Sophia","Bartolomeo","Female","Banjar Banyualit","sbartolomeoev@imageshack.us"
"Garvy","Westnedge","Male","Sukamulya","gwestnedgeew@free.fr"
"Dani","Rivelin","Female","Gulao","drivelinex@imageshack.us"
"Willdon","Rickeard","Male","Ambovombe","wrickeardey@microsoft.com"
"Ezra","Snowding","Male","Gaxung","esnowdingez@ustream.tv"
"Farand","Gannaway","Female","Bahir Dar","fgannawayf0@princeton.edu"
"Kasper","Palffrey","","Xiangang","kpalffreyf1@amazon.de"
"Anni","Neary","Female","Shawnee Mission","anearyf2@archive.org"
"Doe","Mandell","","Tsapêraī","dmandellf3@usda.gov"
"Therine","Waszkiewicz","Female","Ntoroko","twaszkiewiczf4@paginegialle.it"
"Romeo","Steeples","Male","Kolsh","rsteeplesf5@newyorker.com"
"Avivah","Horder","Female","Pawłosiów","ahorderf6@jiathis.com"
"Minor","Matas","","Concepcion","mmatasf7@toplist.cz"
"Tomi","Highwood","Female","","thighwoodf8@wordpress.com"
"Blythe","Bliven","Female","Lixiqiao","bblivenf9@merriam-webster.com"
"Niels","De Michele","Male","Kwolla","ndemichelefa@dagondesign.com"
"Dominique","Tulip","Male","Kopang Satu","dtulipfb@vkontakte.ru"
"Oneida","But","","Muḩradah","obutfc@trellian.com"
"Reade","Tincombe","Male","Yebaishou","rtincombefd@blogspot.com"
"Marybeth","Hailston","Female","Baoping","mhailstonfe@woothemes.com"
"Homer","Cervantes","Male","Soe","hcervantesff@un.org"
"Russ","Donizeau","Male","Krajan Puger Wetan","rdonizeaufg@blog.com"
"Olav","Kubala","Male","Langádhia","okubalafh@xing.com"
"Seumas","Skipp","Male","Sentieiras","sskippfi@elpais.com"
"Janeva","Donnison","Female","Takeo","jdonnisonfj@wikipedia.org"
"Myrtia","Liversedge","Female","","mliversedgefk@google.pl"
"Nan","Binnion","Female","Cabungan","nbinnionfl@reddit.com"
"Wren","Hymans","Female","Kaparéllion","whymansfm@hubpages.com"
"Bendix","Balazin","Male","Namibe","bbalazinfn@dropbox.com"
"Marcelo","Bottle","","La Virgen","mbottlefo@sogou.com"
"Jeannine","Blackden","","Mangge","jblackdenfp@go.com"
"Lucien","Broose","Male","Dondo","lbroosefq@elegantthemes.com"
"Ferrell","Riden","Male","Bahui","fridenfr@t.co"
"Geneva","Bagguley","Female","Kusatsu","gbagguleyfs@stanford.edu"
"Garfield","Hoogendorp","","Tuanjie","ghoogendorpft@elegantthemes.com"
"Ramsey","Kellaway","Male","Kimberley","rkellawayfu@upenn.edu"
"Yorker","Summerbell","Male","Duotian","ysummerbellfv@wisc.edu"
"Arni","Butchart","Male","Campo Belo","abutchartfw@fda.gov"
"Carolin","Spire","Female","Montfort-sur-Meu","cspirefx@examiner.com"
"Rosabel","Sheara","Female","Verd","rshearafy@etsy.com"
"Gaye","Baroche","Female","Santiago De Compostela","gbarochefz@ox.ac.uk"
"Valerye","Brundall","Female","Tisco","vbrundallg0@reddit.com"
"Rorie","Klyner","Female","Yihe","rklynerg1@desdev.cn"
"Sibilla","Brogden","Female","Santa Cruz De Tenerife","sbrogdeng2@slideshare.net"
"Emmery","Meach","Male","Katipunan","emeachg3@infoseek.co.jp"
"Reece","Sherringham","Male","Želetava","rsherringhamg4@addthis.com"
"Mic","Itzak","Male","Skerries","mitzakg5@miitbeian.gov.cn"
"Izabel","Tunnow","Female","Shaoyang","itunnowg6@privacy.gov.au"
"Inessa","Stoakes","Female","","istoakesg7@squidoo.com"
"Goddard","Behnen","Male","Kanginan","gbehneng8@xinhuanet.com"
"Stirling","Lindbergh","","Samir","slindberghg9@cbc.ca"
"Meier","Sturton","Male","Khāndbāri","msturtonga@diigo.com"
"Nickola","Crace","Male","Takedamachi","ncracegb@buzzfeed.com"
"Morey","Dunkley","Male","Tønsberg","mdunkleygc@google.com"
"Kerwin","Rockingham","Male","Konārak","krockinghamgd@163.com"
"Lion","Rivers","Male","Blumenau","lriversge@mozilla.com"
"Lamar","Sainteau","Male","Betulia","lsainteaugf@naver.com"
"Tadeas","Bromell","Male","Dengnan","tbromellgg@nymag.com"
"Hillard","Billitteri","Male","Sironko","hbillitterigh@discovery.com"
"Emerson","Lerigo","Male","Baih","elerigogi@reddit.com"
"Brian","Volcker","Male","Hotsk","bvolckergj@infoseek.co.jp"
"Marylee","Rockall","Female","Besukrejo","mrockallgk@cdc.gov"
"Darlene","Yarnall","Female","Mainz","dyarnallgl@npr.org"
"Pablo","Gosselin","","","pgosselingm@eventbrite.com"
"Zane","Rehn","Male","Nakatsugawa","zrehngn@tripadvisor.com"
"Avivah","Strowger","Female","","astrowgergo@weather.com"
"Nessa","Gargett","Female","Värnamo","ngargettgp@engadget.com"
"Bunny","Habbert","Female","Nelahozeves","bhabbertgq@parallels.com"
"Fina","Belleny","Female","Qilong","fbellenygr@wufoo.com"
"Brent","Bowlas","Male","Trollhättan","bbowlasgs@bizjournals.com"
"Duke","Kleiner","","Nantes","dkleinergt@cnbc.com"
"Mela","Hubberstey","Female","Rossosh’","mhubbersteygu@rambler.ru"
"Melisa","Orridge","","Gotovlje","morridgegv@sohu.com"
"Malachi","Guillain","Male","Cikendi","mguillaingw@boston.com"
"Kaspar","Huntriss","Male","Presidente Epitácio","khuntrissgx@techcrunch.com"
"Nicky","O'Lunney","Female","","nolunneygy@ifeng.com"
"Joshuah","Lehrmann","","Kemiri","jlehrmanngz@globo.com"
"Daryl","Sterry","Female","","dsterryh0@mozilla.org"
"Saw","Balsdon","Male","Ban Kruat","sbalsdonh1@amazonaws.com"
"Channa","Fowden","Female","Cikendi","cfowdenh2@shutterfly.com"
"Hertha","Gloucester","","Ordzhonikidzevskiy","hgloucesterh3@shutterfly.com"
"Clifford","Sickling","Male","Pico da Pedra","csicklingh4@mediafire.com"
"Madelene","Maffione","Female","Valencia","mmaffioneh5@naver.com"
"Coral","Stych","Female","Biloxi","cstychh6@bbc.co.uk"
"Hettie","Danilchik","Female","Qingchuan","hdanilchikh7@linkedin.com"
"Marabel","Dreinan","Female","Kurikka","mdreinanh8@theatlantic.com"
"Lezley","Rantoul","Male","Bourgoin-Jallieu","lrantoulh9@webmd.com"
"Dorena","Kapelhoff","Female","Huamachuco","dkapelhoffha@google.it"
"Bailey","Noton","Male","Saint-Priest","bnotonhb@wikispaces.com"
"Abagael","Andreassen","Female","Independencia","aandreassenhc@vinaora.com"
"Kean","Duiguid","Male","Pánormos","kduiguidhd@hexun.com"
"Avrom","Aprahamian","Male","Debre Mark’os","aaprahamianhe@chron.com"
"Massimiliano","Berka","","Tarikolot","mberkahf@example.com"
"Malynda","Hynd","Female","Ciénaga de Oro","mhyndhg@hao123.com"
"Graeme","Kenton","","Palermo","gkentonhh@forbes.com"
"Florence","Leitche","Female","Baihe","fleitchehi@businesswire.com"
"Meridel","Skirvin","Female","La Romana","mskirvinhj@elegantthemes.com"
"Ambrosi","Plait","Male","Sindong","aplaithk@godaddy.com"
"Kylen","McGeechan","Female","","kmcgeechanhl@google.cn"
"Giulietta","Gabbitus","","Toila","ggabbitushm@vistaprint.com"
"Stefa","Ratnage","Female","Coroico","sratnagehn@zdnet.com"
"Ricca","Stacey","Female","Batan","rstaceyho@usa.gov"
"Garrik","Benedite","Male","","gbeneditehp@nba.com"
"Dill","Medwell","Male","","dmedwellhq@gravatar.com"
"Stepha","Bidgood","","","sbidgoodhr@cyberchimps.com"
"Cornell","Henriet","Male","Bukedea","chenrieths@ucoz.com"
"Tuesday","Meiklem","","Al Nashmah","tmeiklemht@bravesites.com"
"Lulita","Goodboddy","Female","Prupuh","lgoodboddyhu@indiegogo.com"
"Dareen","Dawdry","Female","Ingå","ddawdryhv@jigsy.com"
"Bengt","Beswell","Male","Qianjia","bbeswellhw@npr.org"
"Hal","Stanners","Male","Afonsoeiro","hstannershx@tripod.com"
"Madison","Muskett","Male","Naguilian","mmusketthy@multiply.com"
"Derward","Soulsby","Male","Wufeng","dsoulsbyhz@ca.gov"
"Wendi","Cheeney","Female","Suva Reka","wcheeneyi0@mysql.com"
"Jacklyn","Barnbrook","Female","San Jose","jbarnbrooki1@mlb.com"
"Bordie","Samber","Male","Al Tuḩaytā’","bsamberi2@diigo.com"
"Tonya","Hammonds","Female","Cabitan","thammondsi3@google.de"
"Gard","Joliffe","Male","Grande Cache","gjoliffei4@berkeley.edu"
"Amye","Leinweber","","Watangan","aleinweberi5@abc.net.au"
"Angie","Liepins","Female","Orléans","aliepinsi6@g.co"
"Idalia","Doy","Female","Raffingora","idoyi7@yolasite.com"
"Farley","Mapplebeck","Male","Kasturi","fmapplebecki8@mapy.cz"
"Catlin","Collyear","Female","Riobamba","ccollyeari9@unicef.org"
"Pat","Radclyffe","Male","Kroya","pradclyffeia@tamu.edu"
"Hewie","Teresia","","","hteresiaib@wiley.com"
"Rita","Tryme","Female","Khvastovichi","rtrymeic@upenn.edu"
"Forster","Crombie","Male","Novosibirsk","fcrombieid@mail.ru"
"Sayre","Lorinez","Female","Ban Mai","slorinezie@eepurl.com"
"Davey","Entres","Male","Baisha","dentresif@tamu.edu"
"Dur","Corlett","","Huaquillas","dcorlettig@eepurl.com"
"Dianna","Royans","Female","","droyansih@hc360.com"
"Hettie","Caizley","Female","Miłosław","hcaizleyii@hc360.com"
"Natty","Cockshoot","Female","Angoram","ncockshootij@wordpress.com"
"Jourdain","Tynewell","Male","Gaoqiao","jtynewellik@google.fr"
"Sibilla","Adamsson","Female","","sadamssonil@t-online.de"
"Hewie","Stanluck","Male","","hstanluckim@homestead.com"
"Northrop","La Croce","","","nlacrocein@blog.com"
"Julie","Lotherington","","Verkhnyaya Tura","jlotheringtonio@gov.uk"
"Marlo","Clausius","","Ciawi","mclausiusip@gmpg.org"
"Shina","Mitford","","Primorsko-Akhtarsk","smitfordiq@freewebs.com"
"Libby","Gargett","Female","Paombong","lgargettir@skype.com"
"Travis","Bohlje","Male","","tbohljeis@pbs.org"
"Randall","Berling","Male","Zhengdonglu","rberlingit@umn.edu"
"Angelo","Boole","","","abooleiu@hhs.gov"
"Byrann","Claye","Male","Kostinbrod","bclayeiv@washingtonpost.com"
"Averill","Picheford","","Novyye Gorki","apichefordiw@networkadvertising.org"
"Derward","Eckart","Male","Cicurug","deckartix@cloudflare.com"
"Steffi","Prine","Female","Huangpu","sprineiy@ning.com"
"Sutherlan","Kilfeder","Male","Gobojango","skilfederiz@shinystat.com"
"Carree","D'Adda","","Horgo","cdaddaj0@biglobe.ne.jp"
"Blake","Wooster","","Vale","bwoosterj1@flavors.me"
"Othella","Chessell","Female","Salzburg","ochessellj2@photobucket.com"
"Concordia","Pellett","Female","Wuxia","cpellettj3@auda.org.au"
"Wilie","Creer","Female","Koina","wcreerj4@sogou.com"
"Haskel","Hugnot","Male","Lazarat","hhugnotj5@gnu.org"
"Godfree","Merck","","Longqiao","gmerckj6@comsenz.com"
"Aube","Hillam","Male","Donskoye","ahillamj7@ft.com"
"Perl","Gladwell","Female","","pgladwellj8@mit.edu"
"Flossi","Burchmore","Female","Kolyubakino","fburchmorej9@stumbleupon.com"
"Orran","Sterling","Male","Youkaichi","osterlingja@1und1.de"
"Field","Goundrill","Male","Palaiópyrgos","fgoundrilljb@ted.com"
"Alvin","Hostan","Male","København","ahostanjc@wix.com"
"Erika","Nutton","Female","Oslo","enuttonjd@theguardian.com"
"Jakie","de Voiels","Male","Nazrēt","jdevoielsje@time.com"
"Hilda","Caren","Female","Shuangkou","hcarenjf@arstechnica.com"
"Levy","Wycliff","Male","Tacarigua","lwycliffjg@google.com"
"Maudie","Tree","","Spiczyn","mtreejh@salon.com"
"Dulcia","Gookes","Female","Nong Hin","dgookesji@printfriendly.com"
"Colas","Maciejewski","Male","Wenqiao","cmaciejewskijj@npr.org"
"Lucas","Veelers","Male","Macapá","lveelersjk@rakuten.co.jp"
"Cissiee","Khidr","Female","Baishan","ckhidrjl@diigo.com"
"Pepe","Benge","Male","Hadyach","pbengejm@bandcamp.com"
"Gilbertina","Gladwell","","Besao","ggladwelljn@sphinn.com"
"Laurianne","Dalgardno","Female","","ldalgardnojo@state.gov"
"Dane","Grunnill","Male","Bantal","dgrunnilljp@w3.org"
"Clemence","Cinelli","Female","Capelinha","ccinellijq@prlog.org"
"Roley","Alleyne","Male","Ryōtsu-minato","ralleynejr@huffingtonpost.com"
"Albertine","Buggs","Female","Baylo","abuggsjs@nps.gov"
"Ennis","Ryle","Male","Am Djarass","erylejt@csmonitor.com"
"Esdras","Griffitt","Male","Khulo","egriffittju@ucoz.ru"
"Morena","Dutt","","","mduttjv@illinois.edu"
"Teodor","Dunnet","Male","Staten Island","tdunnetjw@blogtalkradio.com"
"Valaree","Sivorn","","Banjar Batanpoh","vsivornjx@nhs.uk"
"Birch","Cheverell","","Tungawan","bcheverelljy@com.com"
"Frankie","Maior","Male","Anhua","fmaiorjz@ehow.com"
"Staford","Lovejoy","","Lyantonde","slovejoyk0@businessinsider.com"
"Asa","Skelhorn","Male","Xiaojie","askelhornk1@twitpic.com"
"Tremaine","Dyde","Male","Syamzha","tdydek2@boston.com"
"Glyn","Hammor","Female","Ankazondandy","ghammork3@washingtonpost.com"
"Gino","Kindleside","Male","Landskrona","gkindlesidek4@wunderground.com"
"Georgina","Slorance","Female","Guazacapán","gslorancek5@cyberchimps.com"
"Kevan","McKue","Male","Tsul-Ulaan","kmckuek6@who.int"
"Daren","Moorfield","Male","São Gonçalo do Amarante","dmoorfieldk7@eventbrite.com"
"Sosanna","Priden","","Fenchen","spridenk8@sciencedirect.com"
"Lazare","Denis","Male","Cabeço","ldenisk9@meetup.com"
"Sonnnie","Allchorn","Female","Kongjiafang","sallchornka@narod.ru"
"Rainer","Dobble","Male","Ścinawa","rdobblekb@live.com"
"Sherwin","Irvin","Male","","sirvinkc@technorati.com"
"Evita","McCarter","Female","Novoukrayinka","emccarterkd@acquirethisname.com"
"Selig","Perrone","Male","Shāhzādpur","sperroneke@cam.ac.uk"
"Elysha","Schops","","Karangmulyo","eschopskf@noaa.gov"
"Mackenzie","Norvell","Male","","mnorvellkg@digg.com"
"Sander","Ascrofte","","Longchi","sascroftekh@friendfeed.com"
"Cecilio","Scrimgeour","Male","Wufu","cscrimgeourki@ox.ac.uk"
"Dunstan","Pollastrino","Male","","dpollastrinokj@simplemachines.org"
"Gavrielle","Fowden","Female","Rucava","gfowdenkk@japanpost.jp"
"Fredericka","Mattingly","Female","Charleville-Mézières","fmattinglykl@blogtalkradio.com"
"Rachael","Pinchback","Female","Starobachaty","rpinchbackkm@sakura.ne.jp"
"Arielle","Tomasoni","Female","","atomasonikn@go.com"
"Niels","Jacobsohn","Male","Mosfilotí","njacobsohnko@thetimes.co.uk"
"Harri","Deniscke","Female","Xiangyangpu","hdenisckekp@com.com"
"Sophie","Ollander","Female","Bi’r al Ḩufayy","sollanderkq@devhub.com"
"Jenifer","Ridsdale","Female","Kyŏngsŏng","jridsdalekr@icio.us"
"Scarface","Bonniface","Male","Kyaikkami","sbonnifaceks@mapquest.com"
"Dita","Etter","Female","Velké Bílovice","detterkt@illinois.edu"
"Merline","Beeke","Female","Cucuyagua","mbeekeku@unesco.org"
"Kort","McLleese","","Raciąż","kmclleesekv@cdbaby.com"
"Johanna","Paviour","Female","Glugur Krajan","jpaviourkw@wix.com"
"Tyrus","Bertin","Male","Blama","tbertinkx@chicagotribune.com"
"Gabriele","Blunsom","Male","Kolomanu","gblunsomky@storify.com"
"Tomas","Sparkwill","Male","","tsparkwillkz@1und1.de"
"Morgan","Dumbarton","Female","Taganskiy","mdumbartonl0@a8.net"
"Barthel","Bredbury","Male","Kodyma","bbredburyl1@telegraph.co.uk"
"Worthy","Chetham","Male","Vigo","wchethaml2@yelp.com"
"Margi","Linfitt","Female","Cisownica","mlinfittl3@shutterfly.com"
"Kikelia","Delgardillo","Female","Battung","kdelgardillol4@zdnet.com"
"Jard","Nystrom","Male","Lewin Kłodzki","jnystroml5@printfriendly.com"
"Fielding","Bedenham","","Sergiyev Posad","fbedenhaml6@google.pl"
"Patricio","Wrack","Male","Malaḩ","pwrackl7@biglobe.ne.jp"
"Katheryn","Hradsky","Female","Ludvika","khradskyl8@mediafire.com"
"Kay","Ellison","Female","Tangal","kellisonl9@va.gov"
"Griswold","MacNeice","","Yujia’ao","gmacneicela@fema.gov"
"Ogdon","Bracknall","Male","Houjie","obracknalllb@howstuffworks.com"
"Gordon","Upshall","Male","Juan Adrián","gupshalllc@360.cn"
"Solly","Lowndsbrough","Male","Ak’ordat","slowndsbroughld@npr.org"
"Corly","Vignal","Female","Đắk Mâm","cvignalle@dedecms.com"
"Lock","Coger","Male","Březová nad Svitavou","lcogerlf@jugem.jp"
"Quinn","Kenan","Male","Laholm","qkenanlg@skype.com"
"Mohammed","Satyford","Male","Bačka Topola","msatyfordlh@nymag.com"
"Elianore","Kubas","Female","Kizhinga","ekubasli@123-reg.co.uk"
"Saba","Patriskson","Female","Wangbuzhuang","spatrisksonlj@ibm.com"
"Isadore","Grelka","Male","Ipoti","igrelkalk@cnn.com"
"Engracia","Tivenan","Female","Muramatsu","etivenanll@mayoclinic.com"
"Windham","Itzkov","Male","Az Zintān","witzkovlm@youtu.be"
"Courtnay","O'Heyne","Male","","coheyneln@ycombinator.com"
"Rosina","Konerding","Female","Libmanan","rkonerdinglo@hugedomains.com"
"Lisabeth","Thorneley","Female","","lthorneleylp@chicagotribune.com"
"Magdalena","Fownes","Female","Mboursou Léré","mfowneslq@apple.com"
"Freddy","Jannaway","Female","Ncue","fjannawaylr@drupal.org"
"Reece","Tulip","Male","Los Angeles","rtulipls@adobe.com"
"Artus","MacDwyer","Male","Beizheng","amacdwyerlt@mediafire.com"
"Abby","Yelyashev","Female","Wangpu","ayelyashevlu@de.vu"
"Bernardine","Jeste","Female","","bjestelv@sbwire.com"
"Kristyn","Bauman","","Pirogovo","kbaumanlw@bravesites.com"
"Demetria","Chidgey","Female","Žebrák","dchidgeylx@smh.com.au"
"Lesya","Hazard","Female","","lhazardly@blogspot.com"
"Lillian","Bonds","","Dunmanway","lbondslz@java.com"
"Boycey","Looks","Male","Tulay","blooksm0@hhs.gov"
"Faith","Kubczak","Female","Wentugaole","fkubczakm1@nbcnews.com"
"Brook","Alexsandrovich","Male","Qingguang","balexsandrovichm2@gmpg.org"
"Kassie","Gillings","Female","Hesheng","kgillingsm3@tripadvisor.com"
"Herby","Haddington","Male","Hubynykha","hhaddingtonm4@exblog.jp"
"Jesse","Sima","Male","","jsimam5@hubpages.com"
"Heall","Coules","Male","Buang","hcoulesm6@ebay.com"
"Bradford","Suttling","","Paris 14","bsuttlingm7@harvard.edu"
"Bertie","Moverley","Female","Kabūdarāhang","bmoverleym8@reference.com"
"Germaine","Jacombs","Female","Sanshengyuan","gjacombsm9@tinypic.com"
"Art","Tattersfield","Male","Nenotes","atattersfieldma@salon.com"
"Sarah","Cann","Female","Fengli","scannmb@sina.com.cn"
"Jada","Purton","","Anka","jpurtonmc@networksolutions.com"
"Barbette","Slocum","Female","La Unión","bslocummd@ehow.com"
"Thurstan","Vernay","Male","Montauban","tvernayme@buzzfeed.com"
"Randolf","Grinsted","Male","Hualian","rgrinstedmf@sun.com"
"Frederick","Detloff","Male","","fdetloffmg@cpanel.net"
"Claiborne","Hailwood","Male","Santa Rosa de Cabal","chailwoodmh@moonfruit.com"
"Lorry","Cobbing","Female","Praia da Barra","lcobbingmi@flickr.com"
"Haily","Leopard","Female","","hleopardmj@altervista.org"
"Kinnie","Mullis","Male","Jalaud","kmullismk@patch.com"
"Issy","Trank","Female","Kaffrine","itrankml@census.gov"
"Sayers","Covey","Male","København","scoveymm@washington.edu"
"Charo","Fones","Female","Kunashak","cfonesmn@wikimedia.org"
"Adi","Holburn","Female","Colón","aholburnmo@msn.com"
"Lainey","Jayes","","Asopós","ljayesmp@marriott.com"
"Shirley","de Juares","Female","Rimbo","sdejuaresmq@nature.com"
"Andriana","Butterley","Female","Klakeh","abutterleymr@si.edu"
"Wylma","Mc Andrew","","Huangdu","wmcandrewms@4shared.com"
"Darelle","Bourke","Female","Xiagong","dbourkemt@yelp.com"
"Hatti","Westwell","Female","Paris 13","hwestwellmu@pinterest.com"
"Marilin","Housin","Female","Áno Liósia","mhousinmv@army.mil"
"Gerta","Smithies","Female","Gandra","gsmithiesmw@pinterest.com"
"Danny","Brecknall","Male","Brodokalmak","dbrecknallmx@mozilla.com"
"Mariquilla","Stanbra","Female","Zoumaling","mstanbramy@wordpress.com"
"Rustin","Camocke","Male","Caotang","rcamockemz@discovery.com"
"Missy","de Werk","Female","","mdewerkn0@sbwire.com"
"Arlin","Pym","","Annino","apymn1@naver.com"
"Caty","Pilger","Female","Nantai","cpilgern2@i2i.jp"
"Bobbi","Mankor","Female","Santo Tomé","bmankorn3@independent.co.uk"
"Alie","Scapens","Female","Tokarnia","ascapensn4@hostgator.com"
"Dorena","Eynon","Female","Pánormos","deynonn5@about.me"
"Valentine","Elton","Male","Maojiadian","veltonn6@ca.gov"
"Ara","Burberye","Male","","aburberyen7@narod.ru"
"Geneva","Bissill","Female","Dongyangzhen","gbissilln8@bigcartel.com"
"Gloria","Yitshak","Female","Garoua","gyitshakn9@sogou.com"
"Felizio","Durgan","Male","Tsyelyakhany","fdurganna@census.gov"
"Kendricks","Thirkettle","Male","Tabango","kthirkettlenb@oracle.com"
"Michel","Fedorski","Female","Tiechanggou","mfedorskinc@state.tx.us"
"Nikos","Proudlock","Male","","nproudlocknd@ehow.com"
"Bill","Morphey","Female","Kruty","bmorpheyne@deliciousdays.com"
"John","Postill","Male","Ketawang","jpostillnf@cdbaby.com"
"Gaby","Forre","Female","Kuruman","gforreng@noaa.gov"
"Padgett","Reedyhough","Male","Färjestaden","preedyhoughnh@google.co.jp"
"Katie","Casley","Female","","kcasleyni@lulu.com"
"Witty","Birrane","Male","Perstorp","wbirranenj@mozilla.com"
"Colin","Russon","Male","Erandique","crussonnk@lycos.com"
"Bernadene","Yurov","Female","Rumbek","byurovnl@vistaprint.com"
"Glori","Tacker","Female","Lubāna","gtackernm@indiegogo.com"
"Lauren","Lovering","Female","Pohbango","lloveringnn@hp.com"
"Ronni","Hounsom","Female","Shimen","rhounsomno@bing.com"
"Braden","Long","Male","","blongnp@java.com"
"Lisabeth","Potes","Female","","lpotesnq@usa.gov"
"Hobie","Prangle","Male","Columbia","hpranglenr@shareasale.com"
"Bruce","Iacomi","Male","Dongping","biacomins@theglobeandmail.com"
"Rodie","O'Grogane","Female","San Isidro","rogroganent@is.gd"
"Fifi","Filinkov","Female","Tchamba","ffilinkovnu@google.co.uk"
"Kennett","Nuzzetti","Male","Suileng","knuzzettinv@howstuffworks.com"
"Bowie","Allsupp","","Pámfylla","ballsuppnw@delicious.com"
"Abelard","Boddis","Male","","aboddisnx@google.it"
"Bard","Alexandersson","Male","Rosmaninhal","balexanderssonny@whitehouse.gov"
"Andreas","Hasnip","Male","Raojān","ahasnipnz@cbsnews.com"
"Jerald","Brabham","Male","","jbrabhamo0@tripadvisor.com"
"Willis","Fulun","Male","","wfuluno1@latimes.com"
"Kandace","Tourner","Female","Solnechnyy","ktournero2@pen.io"
"Simmonds","Djurisic","","Xiaoshan","sdjurisico3@sakura.ne.jp"
"Carin","Paxman","","La Virginia","cpaxmano4@newsvine.com"
"Creigh","Madeley","Male","Lučko","cmadeleyo5@baidu.com"
"Sibby","Sangar","Female","Miastków Kościelny","ssangaro6@psu.edu"
"Marta","Ibbison","Female","Mount Ayliff","mibbisono7@baidu.com"
"Lemmie","Hickisson","Male","Sil-li","lhickissono8@elegantthemes.com"
"Kori","Adlington","Female","San Francisco","kadlingtono9@google.ru"
"Meade","Rivallant","","Lizhai","mrivallantoa@utexas.edu"
"West","Cleveley","Male","Gandra","wcleveleyob@baidu.com"
"Earlie","Baroch","Male","Yuecheng","ebarochoc@is.gd"
"Merna","Bourdice","Female","Baoping","mbourdiceod@columbia.edu"
"Diandra","Furzer","Female","Orkney","dfurzeroe@zdnet.com"
"Titos","Terbeck","Male","Baruunturuun","tterbeckof@newyorker.com"
"Arabella","O' Dooley","","Göteborg","aodooleyog@harvard.edu"
"Noella","Lundbech","Female","Kanal","nlundbechoh@mtv.com"
"Jarib","Warn","Male","Sosnovka","jwarnoi@amazonaws.com"
"Ferrell","Whenman","Male","Merlo","fwhenmanoj@hc360.com"
"Delila","Gallardo","Female","Srpska Crnja","dgallardook@cocolog-nifty.com"
"Gratia","Thoms","Female","20 de Noviembre","gthomsol@bloglovin.com"
"Benji","Tamblingson","Male","Julcamarca","btamblingsonom@marriott.com"
"Tabbie","Coyett","Male","Lastoursville","tcoyetton@elegantthemes.com"
"Daniela","Stallion","Female","","dstallionoo@home.pl"
"Timofei","Hardson","","Babica","thardsonop@weibo.com"
"Corene","Abramowsky","Female","Lubień","cabramowskyoq@zdnet.com"
"Brooks","Duxbarry","Male","Bobigny","bduxbarryor@google.com.br"
"Fidela","Blaxall","Female","Ganding","fblaxallos@imdb.com"
"Kerrill","Howsan","Female","","khowsanot@msn.com"
"Walt","Goodale","Male","Santos","wgoodaleou@senate.gov"
"Billy","Cazereau","Male","","bcazereauov@go.com"
"Radcliffe","Poppy","Male","Puerto Castilla","rpoppyow@artisteer.com"
"Latrina","Schruur","Female","Mojimán","lschruurox@china.com.cn"
"Lacie","Paulsen","Female","Zhichu","lpaulsenoy@merriam-webster.com"
"Elna","Donat","Female","Ruukki","edonatoz@mysql.com"
"Brittan","Crowch","","Rozvadov","bcrowchp0@home.pl"
"Mead","Rowantree","Female","Stari Grad","mrowantreep1@angelfire.com"
"Margret","Twede","Female","Düsseldorf","mtwedep2@columbia.edu"
"Guenna","Brearley","","","gbrearleyp3@ehow.com"
"Adlai","McKirdy","Male","Arroyito","amckirdyp4@nba.com"
"Morton","Santus","Male","Khulm","msantusp5@google.co.uk"
"Leonore","Haller","Female","Bayawan","lhallerp6@weibo.com"
"Kimmie","Piatti","Female","Los Fresnos","kpiattip7@linkedin.com"
"Jerrie","Yven","Female","Qarah Bāgh Bāzār","jyvenp8@nytimes.com"
"Pavlov","Braams","Male","","pbraamsp9@hexun.com"
"Ellis","Bovis","Male","Stavyshche","ebovispa@npr.org"
"Olly","Gurys","Male","Buenavista","oguryspb@gravatar.com"
"Goraud","Mushart","","San Antonio de los Baños","gmushartpc@barnesandnoble.com"
"Harlin","Betterton","Male","Mariestad","hbettertonpd@dropbox.com"
"Terrill","Pye","Male","Tanjungpecinan Utara","tpyepe@wufoo.com"
"Rriocard","Bernardot","Male","","rbernardotpf@bloomberg.com"
"Ali","Caswill","","Ledenice","acaswillpg@addthis.com"
"Felecia","Borzone","Female","Salamrejo","fborzoneph@blogspot.com"
"Sarette","Fairnie","","Kastsyukowka","sfairniepi@time.com"
"Amitie","MacConneely","Female","Roxas","amacconneelypj@fc2.com"
"Wanids","Dibling","Female","Ćićevac","wdiblingpk@tinypic.com"
"Pedro","de Keep","Male","","pdekeeppl@godaddy.com"
"Kelly","Mattersley","Male","","kmattersleypm@scientificamerican.com"
"Alysia","O'Grady","Female","Irbid","aogradypn@hc360.com"
"Kermy","Killoran","Male","Legok","kkilloranpo@zdnet.com"
"Willyt","McKibbin","Female","Jacutinga","wmckibbinpp@naver.com"
"Hamish","Harflete","Male","Hujirt","hharfletepq@ox.ac.uk"
"Frederic","Parminter","Male","","fparminterpr@wiley.com"
"Kristoforo","Ply","Male","Nashville","kplyps@gov.uk"
"Lanette","Yurkiewicz","Female","Ngulangan","lyurkiewiczpt@cnbc.com"
"Gaby","Schlagman","Male","Valado dos Frades","gschlagmanpu@linkedin.com"
"Drugi","Kingstne","Male","","dkingstnepv@eepurl.com"
"Pace","Darlow","Male","Danané","pdarlowpw@nhs.uk"
"Obadias","Blasi","","Taiqing","oblasipx@stanford.edu"
"Coraline","Toman","Female","Rungis","ctomanpy@squidoo.com"
"Horatia","Meardon","Female","Akhaldaba","hmeardonpz@earthlink.net"
"Myrtie","Dysert","Female","Várzea da Serra","mdysertq0@wikispaces.com"
"Christiane","Sleaford","Female","Tumbagaan","csleafordq1@weather.com"
"Rickert","Mulvany","Male","Skövde","rmulvanyq2@shinystat.com"
"Addison","Stranio","Male","Lisieux","astranioq3@state.tx.us"
"Janot","Biffen","Female","","jbiffenq4@rakuten.co.jp"
"Al","Beernaert","","Quán Hành","abeernaertq5@cmu.edu"
"Madlen","Robertis","","Xiejiatan","mrobertisq6@toplist.cz"
"Gradey","Porteous","Male","Philadelphia","gporteousq7@pinterest.com"
"Wilmette","Clewlow","Female","Jieheshi","wclewlowq8@alexa.com"
"Ophelie","Lovel","Female","Bothaville","olovelq9@github.com"
"Kiersten","Levensky","Female","Kislovodsk","klevenskyqa@whitehouse.gov"
"Andy","Boarer","Female","Ekou","aboarerqb@scientificamerican.com"
"Bell","Hounsom","Female","Buy","bhounsomqc@blog.com"
"Remy","Rozec","","Boulsa","rrozecqd@shutterfly.com"
"Selestina","Dearell","Female","Borovan","sdearellqe@netlog.com"
"Farlay","Peret","Male","Klos","fperetqf@wordpress.org"
"Kalindi","Kytley","Female","","kkytleyqg@exblog.jp"
"Gilberto","Espinazo","Male","Alameda","gespinazoqh@spiegel.de"
"Lucienne","Angelo","Female","Bulog","langeloqi@cnbc.com"
"Redford","Humphris","Male","Puerto Padre","rhumphrisqj@drupal.org"
"Mackenzie","Domelow","Male","Laszki","mdomelowqk@cisco.com"
"Mahmud","Vedekhov","Male","Gaojiabu","mvedekhovql@icio.us"
"Nady","Kingerby","Female","Krajan Alasdowo","nkingerbyqm@reference.com"
"Shirlee","Leavy","Female","Puksoozero","sleavyqn@rediff.com"
"Nell","Cadogan","Female","Bujaków","ncadoganqo@odnoklassniki.ru"
"Urbano","Gifkins","","Posse","ugifkinsqp@networksolutions.com"
"Conn","Lackemann","Male","Grzmiąca","clackemannqq@cbsnews.com"
"Chantal","Vitler","Female","Usman’","cvitlerqr@joomla.org"
"Horten","Mainwaring","","Villaguay","hmainwaringqs@instagram.com"
"Peyton","Hanselman","Male","","phanselmanqt@mail.ru"
"Nanette","Breakey","","Shuinan","nbreakeyqu@prlog.org"
"Mandy","Drache","Female","Sanjie","mdracheqv@hhs.gov"
"Marlowe","Vergo","Male","Ochota","mvergoqw@sbwire.com"
"Farlay","McGilben","Male","Orivesi","fmcgilbenqx@home.pl"
"August","Scarborough","Male","","ascarboroughqy@ifeng.com"
"Evyn","Moorman","Male","San Luis","emoormanqz@redcross.org"
"Travers","Denyukhin","Male","Krajan Kulon","tdenyukhinr0@ted.com"
"Judye","Kemston","Female","Minneapolis","jkemstonr1@goo.ne.jp"
"Pail","Tomasik","Male","Haixing","ptomasikr2@de.vu"
"Nedda","Agar","Female","Jeruk","nagarr3@soup.io"
"Kaleena","Lynam","Female","Long’an Chengxiangzhen","klynamr4@nationalgeographic.com"
"Prue","Devonport","Female","Utan","pdevonportr5@trellian.com"
"Elsinore","Stockney","Female","Bakung Utara","estockneyr6@imageshack.us"
"Frants","Belcham","Male","Igcocolo","fbelchamr7@geocities.com"
"Ellary","Daintier","Male","Belfort","edaintierr8@i2i.jp"
"Burke","Eard","Male","Pacobamba","beardr9@yolasite.com"
"Cam","Covelle","Male","Limanowa","ccovellera@rambler.ru"
"Ivonne","Simnett","Female","Carmen","isimnettrb@nps.gov"
"Giraldo","Theakston","Male","","gtheakstonrc@java.com"
"Gussie","Osban","Female","Geyuan","gosbanrd@sohu.com"
"Daron","Hardiker","Male","Lófos","dhardikerre@google.nl"
"Basia","Tissier","Female","La Guata","btissierrf@opera.com"
"Jazmin","Blaxeland","Female","Verkhnyachka","jblaxelandrg@yelp.com"
"Erasmus","Raiston","Male","Umeå","eraistonrh@wired.com"
"Karine","Corlett","Female","Kavalerovo","kcorlettri@intel.com"
"Jeddy","Truran","Male","Hurghada","jtruranrj@msu.edu"
"Percival","Rew","Male","Svetlyy Yar","prewrk@prnewswire.com"
"Gill","Rolland","Male","Gorzkowice","grollandrl@upenn.edu"
"Pru","Jaycock","Female","Kawage","pjaycockrm@freewebs.com"
"Linet","Angood","Female","Dananyu","langoodrn@weibo.com"
"Alisha","Snare","Female","Saripin","asnarero@youku.com"
"Augustine","Guierre","Female","Żebbuġ","aguierrerp@ustream.tv"
"Richmound","Wyman","","Noormarkku","rwymanrq@youtu.be"
"Elora","Sherington","Female","Budapest","esheringtonrr@rediff.com"